avg_roundtrp_lat(ms),rps,timestamp,avg_exec_lat(ns),hits,misses,miss_diff,hits_diff,avg_exec_lat(ms)
113.52691466336029,59,1645310302801326.8,2923.3846153846152,22.34065934065934,26.032967032967033,0.25555555555555554,0.6888888888888889,2.923384615384615
35.33242832009609,195,1645310303549461.5,2471.951219512195,137.859756097561,36.890243902439025,0.036585365853658534,0.9512195121951219,2.4719512195121958
16.203606272591568,194,1645310304526751.0,751.7091836734694,316.9438775510204,37.0,0.0,1.0,0.7517091836734694
14.478431391304756,178,1645310305519937.0,762.1542857142857,502.6,37.0,0.0,1.0,0.7621542857142851
13.195828236005616,191,1645310306486642.5,725.3455497382199,685.4712041884817,37.0,0.0,1.0,0.7253455497382192
14.590819319953937,191,1645310307502536.0,742.375,876.984375,37.0,0.0,1.0,0.7423749999999999
13.14338126982701,188,1645310308509816.5,730.1604278074866,1066.5133689839572,37.0,0.0,1.0,0.7301604278074856
14.92760553380214,186,1645310309502188.8,758.1505376344086,1252.8064516129032,37.0,0.0,1.0,0.7581505376344077
13.831540291744565,189,1645310310495698.5,801.4867724867725,1440.6772486772486,37.0,0.0,1.0,0.8014867724867718
14.987083682064368,186,1645310311496253.2,762.9193548387096,1628.1774193548388,37.0,0.0,1.0,0.7629193548387089
13.228530162925143,184,1645310312478484.8,701.0163043478261,1813.0380434782608,37.0,0.0,1.0,0.7010163043478252
12.983321734011556,195,1645310313479049.8,737.7179487179487,2002.4666666666667,37.0,0.0,1.0,0.7377179487179484
14.533768522596802,192,1645310314511090.0,715.6943005181347,2196.60621761658,37.0,0.0,1.0,0.7156943005181343
12.809258378396986,179,1645310315502234.8,764.1555555555556,2383.177777777778,37.0,0.0,1.0,0.7641555555555551
13.313788629002563,194,1645310316485219.2,733.7447916666666,2568.9270833333335,37.0,0.0,1.0,0.7337447916666661
12.829334157989555,192,1645310317496088.0,707.609375,2760.90625,37.0,0.0,1.0,0.7076093749999995
12.46496720883368,196,1645310318522162.5,711.219387755102,2954.9795918367345,37.0,0.0,1.0,0.7112193877551012
10.915603836599205,175,1645310319503027.2,707.5762711864406,3141.412429378531,37.0,0.0,1.0,0.7075762711864404
16.50497396894468,195,1645310320486739.2,722.1450777202073,3326.497409326425,37.0,0.0,1.0,0.7221450777202062
14.60782610945384,191,1645310321506616.0,772.0890052356021,3518.3979057591623,37.031413612565444,0.005235602094240838,0.9947643979057592,0.7720890052356016
13.037812049531013,184,1645310322508099.5,737.7135135135135,3705.4972972972973,38.0,0.0,1.0,0.7377135135135132
12.349449650476648,192,1645310323499268.0,701.1413612565445,3893.4083769633507,38.0,0.0,1.0,0.7011413612565441
13.37693829012195,193,1645310324510211.0,711.7305699481865,4085.4663212435235,38.0,0.0,1.0,0.7117305699481863
13.125417303744253,182,1645310325506050.0,752.0989010989011,4273.016483516483,38.0,0.0,1.0,0.7520989010989007
14.082129611172908,192,1645310326498493.0,854.578125,4459.989583333333,38.0,0.0,1.0,0.8545781249999997
12.798099770916851,182,1645310327500675.8,741.3189189189189,4648.4648648648645,38.0,0.0,1.0,0.7413189189189184
16.94954955635011,189,1645310328487867.8,727.2795698924731,4834.193548387097,38.0,0.0,1.0,0.7272795698924731
16.855893769311383,188,1645310329508663.2,755.9739583333334,5023.151041666667,38.0,0.0,1.0,0.7559739583333331
13.40825917521635,182,1645310330494130.2,725.5555555555555,5208.805555555556,38.0,0.0,1.0,0.7255555555555548
13.756721009279495,194,1645310331478298.2,739.421875,5394.765625,38.0,0.0,1.0,0.7394218750000005
16.907267175777687,183,1645310332499790.8,869.6063829787234,5584.622340425532,38.505319148936174,0.005319148936170213,0.9946808510638298,0.8696063829787231
14.907992343069054,184,1645310333491676.8,708.5191256830601,5769.366120218579,39.0,0.0,1.0,0.7085191256830597
14.509418009951407,196,1645310334486047.0,709.0208333333334,5957.166666666667,39.0,0.0,1.0,0.7090208333333324
13.04557220050201,194,1645310335512846.8,744.4820512820513,6150.533333333334,39.0,0.0,1.0,0.7444820512820507
14.472976161157273,191,1645310336541658.5,751.2628865979382,6345.092783505154,39.0,0.0,1.0,0.7512628865979377
21.958406132983576,171,1645310337524021.5,965.5,6522.0297619047615,43.416666666666664,0.03571428571428571,0.9642857142857143,0.9654999999999999
14.988038190832535,194,1645310338505996.5,699.4336734693877,6702.076530612245,45.0,0.0,1.0,0.6994336734693873
15.80201407752769,184,1645310339513958.5,792.7513812154696,6890.657458563536,45.0,0.0,1.0,0.7927513812154704
15.121161137747373,187,1645310340504729.8,722.989417989418,7075.619047619048,45.0,0.0,1.0,0.7229894179894174
16.182229649792944,180,1645310341491699.0,705.1988950276243,7260.701657458563,45.0,0.0,1.0,0.7051988950276239
14.995955132451284,198,1645310342498442.5,761.0153846153846,7448.553846153846,45.0,0.0,1.0,0.7610153846153843
13.174894957400456,185,1645310343510226.2,718.4516129032259,7639.021505376344,45.0,0.0,1.0,0.7184516129032252
11.982269123090441,193,1645310344506257.0,724.953125,7827.911458333333,45.0,0.0,1.0,0.7249531249999998
12.626978608163734,186,1645310345517073.5,758.6701570680628,8019.471204188481,45.0,0.0,1.0,0.7586701570680627
14.05727074364509,187,1645310346509644.2,731.6284153005464,8206.486338797815,45.0,0.0,1.0,0.7316284153005461
11.828180268144314,188,1645310347493428.5,810.6666666666666,8392.42328042328,45.0,0.0,1.0,0.8106666666666669
11.878999460513066,190,1645310348487383.2,746.3597883597884,8581.375661375661,45.0,0.0,1.0,0.7463597883597884
14.063224565601326,187,1645310349480648.5,773.75935828877,8769.508021390375,45.0,0.0,1.0,0.7737593582887695
14.06661687901546,191,1645310350492981.0,706.5751295336787,8959.461139896373,45.0,0.0,1.0,0.7065751295336783
13.486683113763156,195,1645310351513247.8,731.09375,9152.104166666666,45.0,0.0,1.0,0.7310937499999999
13.674854063656708,184,1645310352510012.2,704.0869565217391,9340.032608695652,45.0,0.0,1.0,0.7040869565217385
14.694891810274274,189,1645310353502342.0,827.010582010582,9524.798941798941,46.851851851851855,0.010582010582010581,0.9894179894179894,0.8270105820105814
14.43791926290179,186,1645310354503962.5,758.1914893617021,9713.122340425532,47.0,0.0,1.0,0.7581914893617017
14.581766197041265,190,1645310355494556.2,799.8534031413612,9902.534031413612,47.0,0.0,1.0,0.7998534031413612
13.733549192126597,199,1645310356509285.8,768.4090909090909,10097.075757575758,47.0,0.0,1.0,0.7684090909090903
12.599188859549988,190,1645310357512032.0,741.5478723404256,10290.101063829787,47.0,0.0,1.0,0.7415478723404257
14.227575653296693,189,1645310358490689.2,733.0578947368421,10478.9,47.0,0.0,1.0,0.7330578947368417
15.96777395247862,196,1645310359485004.0,717.0918367346939,10671.857142857143,47.0,0.0,1.0,0.7170918367346939
10.319484465677911,204,1645310360493322.8,704.0788177339901,10871.275862068966,47.0,0.0,1.0,0.7040788177339897
12.12242596984607,203,1645310361516054.0,736.4039408866995,11074.448275862069,47.0,0.0,1.0,0.736403940886699
13.9925167084474,198,1645310362517508.8,762.429292929293,11275.040404040405,47.0,0.0,1.0,0.7624292929292927
12.837233559611409,197,1645310363493442.5,749.005,11474.07,47.0,0.0,1.0,0.7490049999999999
15.562438411978762,216,1645310364504935.8,730.8920187793427,11680.582159624413,47.0,0.0,1.0,0.7308920187793427
14.5783491070731,211,1645310365538820.5,796.9014084507043,11893.62441314554,47.12676056338028,0.004694835680751174,0.9953051643192489,0.7969014084507036
21.24506812519277,199,1645310366513085.8,799.0253807106599,12096.248730964468,49.56345177664975,0.01015228426395939,0.9898477157360406,0.7990253807106596
20.463773515075445,227,1645310367503262.8,930.5991189427313,12307.176211453745,50.563876651982376,0.030837004405286344,0.9691629955947136,0.9305991189427308
28.928030803093414,211,1645310368533697.0,934.6824644549763,12517.189573459716,59.829383886255926,0.02843601895734597,0.9715639810426541,0.9346824644549755
34.46731179151251,215,1645310369527706.5,920.4604651162791,12724.93953488372,65.26046511627906,0.023255813953488372,0.9767441860465116,0.9204604651162792
24.106530068160662,215,1645310370494756.5,745.0976744186047,12937.046511627907,68.0,0.0,1.0,0.7450976744186045
23.29343168008119,254,1645310371495885.8,763.996062992126,13171.704724409448,68.0,0.0,1.0,0.7639960629921255
18.63908445210977,248,1645310372500616.5,746.0967741935484,13422.318548387097,68.0,0.0,1.0,0.7460967741935484
20.85841316433454,275,1645310373505621.2,736.8375451263538,13684.765342960289,68.0,0.0,1.0,0.7368375451263537
19.178809576844593,274,1645310374518729.5,724.1386861313869,13960.259124087592,68.0,0.0,1.0,0.7241386861313865
19.749525301574483,291,1645310375516162.2,794.5566666666666,14247.19,68.0,0.0,1.0,0.7945566666666667
19.60241080893524,314,1645310376517690.0,759.527868852459,14549.888524590164,68.0,0.0,1.0,0.7595278688524587
18.90902804846589,312,1645310377487985.2,718.117088607595,14860.281645569621,68.0,0.0,1.0126582278481013,0.7181170886075944
25.9835649800492,364,1645310378499342.5,841.824512534819,15198.186629526463,68.0,0.0,0.9888579387186629,0.8418245125348184
18.487439251594182,344,1645310379491312.2,762.2832369942197,15550.306358381504,68.0,0.0,1.0,0.7622832369942196
45.08516004037423,360,1645310380467723.5,941.6722222222222,15897.05,74.95833333333333,0.022222222222222223,0.9777777777777777,0.9416722222222222
40.63993220869699,377,1645310381467070.8,787.0026315789473,16266.02894736842,76.0,0.0,1.0,0.7870026315789478
42.12800670888853,406,1645310382466716.2,808.4207920792079,16658.2400990099,76.0,0.0,1.0,0.8084207920792078
37.34493215552306,435,1645310383461704.5,824.3287671232877,17078.609589041094,76.31050228310502,0.0045662100456621,0.997716894977169,0.8243287671232882
31.59015241708659,497,1645310384497653.8,781.5436105476673,17542.361054766734,78.0,0.0,0.9979716024340771,0.781543610547668
59.37141801508682,422,1645310385482931.2,857.2013729977117,18007.46681922197,78.6842105263158,0.002288329519450801,0.9977116704805492,0.8572013729977115
52.66285474638244,519,1645310386497582.0,793.1660079051384,18478.434782608696,79.0,0.0,1.0,0.7931660079051384
48.76832104836567,517,1645310387509145.8,827.2574074074074,19001.57222222222,79.0,0.0,1.0,0.8272574074074073
53.13606751179777,574,1645310388523513.8,811.1172161172161,19543.932234432235,79.52380952380952,0.005494505494505495,0.9945054945054945,0.8111172161172159
52.19290812056297,589,1645310389514637.8,785.1635750421585,20111.042158516022,82.0,0.0,1.0,0.785163575042159
88.40668064580474,522,1645310390529713.0,889.2122370936903,20669.200764818357,82.0,0.0,1.0,0.8892122370936901
98.34436878147855,524,1645310391502120.0,828.6290909090909,21205.81272727273,82.0,0.0,1.0,0.8286290909090909
82.59521108022086,614,1645310392519222.8,922.8573743922204,21787.39546191248,83.85413290113452,0.0032414910858995136,0.9967585089141004,0.9228573743922212
76.57487660414338,638,1645310393531025.2,810.6378205128206,22407.13141025641,84.0,0.0,1.0,0.8106378205128204
92.40421788550809,573,1645310394496216.0,837.1086587436333,23014.015280135824,84.0,0.0,1.0,0.8371086587436338
99.20471871896622,658,1645310395501697.8,904.3755795981452,23632.250386398762,84.0,0.0,1.0,0.9043755795981451
108.9796312126967,618,1645310396500567.0,848.3391719745223,24269.87898089172,84.0,0.0,1.0,0.848339171974522
123.02063600875006,613,1645310397517886.2,839.9496753246754,24891.45779220779,84.0,0.0,1.0,0.8399496753246753
134.8160938904841,613,1645310398520637.0,861.365539452496,25509.972624798713,84.0,0.0,1.0,0.8613655394524962
101.39030161874155,678,1645310399486265.0,843.001497005988,26154.425149700597,84.0,0.0,1.0,0.8430014970059874
143.25560599782148,604,1645310400499347.5,881.9967479674797,26796.09918699187,84.0,0.0,1.0,0.8819967479674796
148.01944085822709,597,1645310401501243.5,863.6448911222781,27401.896147403684,84.0,0.0,1.003350083752094,0.8636448911222777
171.44415529242548,617,1645310402530453.8,865.4860426929392,28004.666666666668,84.0,0.0,0.9967159277504105,0.865486042692939
125.50027520735755,663,1645310403501651.5,836.5296803652968,28638.345509893454,84.0,0.0,1.0,0.8365296803652966
115.02979450358974,675,1645310404506441.0,839.0705882352942,29306.02794117647,84.0,0.0,1.0,0.8390705882352935
103.57574688335696,702,1645310405511649.2,832.9302325581396,29990.364825581397,84.0,0.0,1.0,0.8329302325581391
86.68357183250296,731,1645310406513335.2,806.7200538358009,30705.886944818303,84.0,0.0,1.0053835800807538,0.806720053835801
59.81500115077068,724,1645310407487571.8,786.7455295735901,31441.08803301238,84.0,0.0,0.9944979367262724,0.7867455295735899
96.44051084298845,711,1645310408498825.5,800.2702312138729,32150.763005780347,84.0,0.0,1.0,0.8002702312138715
79.35302782435969,690,1645310409498569.0,866.3534361851332,32853.45161290323,84.0,0.0,1.0,0.8663534361851333
67.77167388195097,727,1645310410505682.5,798.2851063829787,33562.608510638296,84.0,0.0,1.0,0.798285106382977
67.61855677506256,651,1645310411528569.5,807.7104874446086,34253.41802067947,84.0,0.0,1.0,0.8077104874446079
64.94188924362562,679,1645310412509240.2,876.0712121212122,34922.04090909091,84.0,0.0,1.0,0.8760712121212114
41.86998412588197,638,1645310413480133.8,789.2950075642965,35582.27231467474,84.0,0.0,1.0,0.7892950075642966
89.62587912579502,594,1645310414489780.2,849.6919191919192,36210.28282828283,84.0,0.0,1.0,0.8496919191919191
71.04701704588597,575,1645310415502192.2,819.781981981982,36784.28828828829,84.0,0.0,1.0,0.8197819819819828
79.15915539284416,537,1645310416466944.2,923.390243902439,37328.909943714825,84.0,0.0,1.0075046904315197,0.9233902439024385
56.13494837476495,561,1645310417471578.8,838.9025270758123,37871.68592057762,84.0,0.0,0.9927797833935018,0.8389025270758118
66.75241203551948,526,1645310418478411.2,866.9430740037951,38412.662239089186,84.0,0.0,1.0,0.8669430740037947
71.34451239469385,477,1645310419527128.2,828.7145790554415,38919.427104722796,84.0,0.0,1.0,0.8287145790554419
63.1599691374861,438,1645310420535513.5,863.7357630979499,39381.99772209567,84.0,0.0,1.0,0.8637357630979491
44.46452323425282,454,1645310421490374.2,811.5504385964912,39829.42324561404,84.0,0.0,1.0,0.8115504385964909
52.41821520782464,418,1645310422456922.8,809.5883777239709,40264.01210653753,84.0,0.0,1.0,0.8095883777239709
52.39308443931662,408,1645310423470785.0,810.7753086419754,40673.15555555555,84.0,0.0,1.0,0.8107753086419748
48.444479198415614,380,1645310424456728.0,822.8253968253969,41064.5,84.0,0.0,1.0052910052910053,0.8228253968253969
49.18299652321415,370,1645310425490954.0,791.6193029490616,41439.54959785523,84.0,0.0,0.9946380697050938,0.791619302949062
27.672716052740935,363,1645310426482225.8,743.1818181818181,41807.17630853994,84.0,0.0,1.0,0.7431818181818176
18.88130325950218,369,1645310427491602.5,748.6130790190736,42171.86648501363,84.0,0.0,1.0,0.7486130790190735
18.181632825432295,331,1645310428498507.8,758.8277945619335,42520.728096676736,84.0,0.0,1.0,0.7588277945619333
25.49825982045936,296,1645310429470534.2,759.4261744966443,42835.72818791946,84.0,0.0,1.0,0.7594261744966441
31.984938149291434,285,1645310430457957.5,806.4456140350877,43127.491228070176,84.0,0.0,1.0,0.8064456140350879
26.954965885484828,298,1645310431488190.2,758.5353535353536,43418.367003367006,84.0,0.0,1.0,0.7585353535353535
18.652722154152265,266,1645310432505493.8,740.3283018867925,43698.79245283019,84.0,0.0,1.0,0.7403283018867924
17.86227397071162,261,1645310433492662.8,807.2137404580153,43962.30534351145,84.0,0.0,1.0,0.8072137404580145
15.408162050158536,258,1645310434503231.0,786.7876447876448,44222.51351351351,84.0,0.0,1.0,0.7867876447876447
15.254152506892371,234,1645310435525461.8,760.9471544715448,44475.29674796748,84.0,0.0,1.0,0.7609471544715448
15.450903719478152,234,1645310436505839.0,741.0226244343892,44708.642533936654,84.0,0.0,1.0,0.7410226244343888
13.623039532128033,238,1645310437495105.2,738.1255230125523,44938.535564853555,84.0,0.0,1.0,0.7381255230125524
14.092222710723735,217,1645310438507712.5,719.2626728110599,45166.46082949309,84.0,0.0,1.0,0.7192626728110595
14.816010650684577,213,1645310439489265.8,722.3084112149533,45382.06074766355,84.0,0.0,1.0,0.7223084112149534
13.24661685221268,221,1645310440493258.2,718.6438356164383,45598.52511415525,84.0,0.0,1.0,0.7186438356164374
15.289230137586411,205,1645310441500439.8,720.3414634146342,45810.66829268292,84.0,0.0,1.0,0.7203414634146337
13.670555366221908,199,1645310442493130.8,721.1194029850747,46013.6368159204,84.0,0.0,1.0,0.7211194029850743
14.006824903466766,202,1645310443488730.2,745.75,46216.05392156863,84.0,0.0,1.0,0.7457499999999998
14.55734543638622,205,1645310444502044.0,725.019801980198,46419.16336633663,84.0,0.0,1.0,0.7250198019801973
15.895322339453232,191,1645310445502591.8,708.1894736842105,46615.015789473684,84.0,0.0,1.0,0.7081894736842103
13.86101400742355,195,1645310446492745.8,703.5252525252525,46808.868686868685,84.0,0.0,1.0,0.703525252525252
14.138799134655786,201,1645310447504416.2,744.1464646464647,47006.92929292929,84.0,0.0,1.0,0.7441464646464645
12.40214167355976,188,1645310448501425.2,725.7872340425532,47199.87765957447,84.0,0.0,1.0,0.7257872340425525
16.32906072121596,193,1645310449502932.5,726.0816326530612,47392.13265306123,84.0,0.0,1.0,0.7260816326530606
18.925395320096786,179,1645310450493816.2,941.2625698324023,47579.28491620112,84.50279329608938,0.00558659217877095,0.994413407821229,0.941262569832402
17.809069167706184,200,1645310451490596.5,727.8121827411168,47766.812182741116,85.0,0.0,1.0,0.7278121827411166
13.290057455869539,189,1645310452509535.2,729.2565445026178,47960.44502617801,85.0,0.0,1.0,0.7292565445026175
11.793137534603131,194,1645310453499181.8,710.4739583333334,48151.890625,85.0,0.0,1.0,0.7104739583333327
16.675150788413656,190,1645310454497940.2,738.9473684210526,48343.094736842104,85.0,0.0,1.0,0.7389473684210524
12.448126459371691,190,1645310455486520.0,740.5578947368421,48532.83157894737,85.0,0.0,1.0,0.7405578947368419
13.521871799205304,199,1645310456495830.2,708.0201005025126,48727.502512562816,85.0,0.0,1.0,0.7080201005025117
13.392183875189499,188,1645310457502878.5,706.2804232804233,48921.46560846561,85.0,0.0,1.0,0.706280423280423
14.720511962169487,190,1645310458488137.2,709.2804232804233,49110.391534391536,85.0,0.0,1.0,0.7092804232804225
13.750696573594604,198,1645310459494728.5,715.3181818181819,49304.020202020205,85.0,0.0,1.0,0.7153181818181816
16.667979862167435,187,1645310460499941.2,719.6310160427807,49496.48128342246,85.0,0.0,1.0,0.7196310160427805
13.203973009391726,192,1645310461492775.5,703.8144329896908,49686.79381443299,85.0,0.0,1.0,0.7038144329896899
13.866632581726284,197,1645310462493605.5,776.704081632653,49881.4081632653,85.57142857142857,0.01020408163265306,0.9897959183673469,0.7767040816326529
14.323150684786816,193,1645310463486690.8,704.6062176165804,50074.39896373057,87.0,0.0,1.0,0.7046062176165806
17.439410293291353,198,1645310464493705.8,721.3045685279188,50269.700507614216,87.0,0.0,1.0,0.7213045685279182
17.512775643561515,195,1645310465495019.2,763.7794871794872,50465.32307692308,87.48205128205129,0.005128205128205128,0.9948717948717949,0.7637794871794874
14.24286010723304,203,1645310466499884.5,709.4313725490196,50664.00490196078,88.0,0.0,1.0,0.709431372549019
14.303701347071371,194,1645310467493786.8,716.989847715736,50864.51269035533,88.0,0.0,1.0,0.7169898477157363
16.1300070749055,217,1645310468497053.2,708.4485981308411,51069.995327102806,88.0,0.0,1.0,0.7084485981308407
19.066615283850638,201,1645310469524625.2,740.0947867298578,51282.824644549764,88.0,0.0,1.0,0.7400947867298575
16.829922316284048,218,1645310470517980.0,737.9086538461538,51492.028846153844,88.0,0.0,1.0,0.7379086538461537
16.385943337809294,220,1645310471508220.2,716.9954337899543,51705.48401826484,88.0,0.0,1.0,0.716995433789954
13.84577627018602,220,1645310472509373.8,734.1081081081081,51926.08108108108,88.0,0.0,1.0,0.7341081081081088
14.097987544601379,230,1645310473495758.5,808.5438596491229,52150.978070175435,88.0,0.0,1.0,0.8085438596491226
17.56190494537198,240,1645310474511459.2,764.6099585062241,52385.730290456435,88.0,0.0,1.0,0.7646099585062232
19.82086034900939,223,1645310475508030.8,726.1637168141593,52619.13274336283,88.0,0.0,1.0,0.7261637168141591
15.048374391998008,257,1645310476490901.8,729.8932806324111,52858.66798418972,88.0,0.0,1.0,0.7298932806324108
17.161188841485735,251,1645310477499947.0,728.640625,53113.05078125,88.0,0.0,1.0,0.7286406250000002
21.10327338719239,260,1645310478489595.8,786.4124513618677,53369.525291828795,88.40466926070039,0.007782101167315175,0.9922178988326849,0.7864124513618675
19.028433280075493,284,1645310479491842.8,708.4609929078014,53637.09574468085,90.0,0.0,1.0,0.7084609929078006
19.131860939119683,288,1645310480509992.5,765.6319444444445,53921.50347222222,90.85069444444444,0.003472222222222222,0.9965277777777778,0.765631944444444
17.491291786820906,296,1645310481506763.5,723.5415282392026,54215.558139534885,91.0,0.0,1.0,0.7235415282392024
17.699621849112795,308,1645310482501700.5,732.567213114754,54518.659016393445,91.0,0.0,1.0,0.732567213114754
20.5101201680169,329,1645310483508560.0,805.1807228915662,54833.62951807229,94.48192771084338,0.012048192771084338,0.9879518072289156,0.8051807228915664
18.69624495930247,335,1645310484500340.8,744.1636363636363,55164.2696969697,95.0,0.0,1.0,0.7441636363636362
26.328539943514283,340,1645310485503373.2,842.3217391304348,55498.034782608695,98.89855072463769,0.014492753623188406,0.9855072463768116,0.842321739130435
22.541749850102768,373,1645310486517510.0,726.8804347826087,55853.475543478264,100.0,0.0,1.0,0.7268804347826084
27.698308687890577,371,1645310487515283.0,767.7061994609164,56223.08894878706,100.0,0.0,1.0,0.7677061994609164
23.547727367066653,379,1645310488496707.0,746.8894736842105,56598.415789473685,100.0,0.0,1.0,0.7468894736842104
34.62102999527649,389,1645310489492155.2,846.4061696658098,56979.88946015424,103.426735218509,0.010282776349614395,0.9897172236503856,0.84640616966581
45.60997056916366,398,1645310490518744.0,906.76,57369.7325,108.62,0.0175,0.9825,0.9067599999999996
28.904983483721637,437,1645310491523367.2,749.1972789115646,57787.41723356009,111.0,0.0,1.0,0.7491972789115653
28.673157040524462,433,1645310492514797.2,760.5303738317757,58221.77570093458,111.0,0.0,1.0,0.7605303738317755
23.109799278618418,463,1645310493497062.0,759.6217948717949,58669.3952991453,111.0,0.0,1.0,0.7596217948717946
34.85807703387842,460,1645310494483849.0,776.6805251641138,59132.33041575492,111.0,0.0,1.0,0.7766805251641137
57.00791869257328,464,1645310495515597.8,859.1630434782609,59589.62608695652,112.81739130434782,0.008695652173913044,0.991304347826087,0.8591630434782609
50.02096587090871,435,1645310496523234.8,792.1791383219954,60037.82993197279,115.0,0.0,1.0,0.7921791383219964
41.368913960202484,465,1645310497503535.5,781.6100628930818,60496.74842767296,115.0,0.0,1.0,0.7816100628930819
33.78806173125634,523,1645310498496451.2,781.8307086614174,60989.0531496063,115.0,0.0,1.0,0.7818307086614183
43.14902139274695,491,1645310499514921.0,784.7081632653061,61488.340816326534,115.0,0.0,1.0,0.784708163265306
59.683986410307334,482,1645310500508041.0,831.922290388548,61977.912065439676,115.0,0.0,1.0,0.8319222903885488
44.32359723078828,465,1645310501497274.8,807.5515021459228,62455.1652360515,115.0,0.0,1.0,0.807551502145923
66.92383330166005,502,1645310502500182.5,839.2204408817636,62938.20240480962,115.0,0.0,1.0,0.8392204408817648
65.73376167117793,443,1645310503528832.5,855.2407002188183,63416.55361050328,115.0,0.0,1.0,0.8552407002188187
40.269969028856394,543,1645310504516610.2,775.8965517241379,63904.96551724138,115.0,0.0,1.0,0.7758965517241377
51.71056589288983,457,1645310505511465.2,832.5527950310559,64407.848861283645,115.05797101449275,0.004140786749482402,1.0020703933747412,0.832552795031056
46.02077382529009,154,1645310506174560.8,795.0387096774193,64724.61935483871,117.0,0.0,0.9806451612903225,0.7950387096774192
283.15718853914245,479,1645310507516548.2,867.656455142232,65031.004376367615,117.0,0.0,1.0,0.8676564551422317
64.99566735359934,396,1645310508528731.5,820.0951276102088,65474.76798143851,117.0,0.0,1.0,0.820095127610209
50.62181834352598,497,1645310509501388.0,802.4815618221259,65920.91106290673,117.0,0.0,1.0,0.8024815618221255
46.910954915801995,456,1645310510473179.5,799.5570175438596,66379.16885964913,117.0,0.0,1.0,0.7995570175438595
49.46585489747425,450,1645310511509412.2,777.9911504424779,66833.21460176991,117.0,0.0,1.0,0.7779911504424782
46.42119644139352,430,1645310512501338.5,749.415313225058,67274.58932714617,117.0,0.0,1.0,0.7494153132250571
39.35962913306323,435,1645310513481188.8,814.325,67710.28181818181,117.0,0.0,1.0,0.8143250000000003
40.98111152826008,426,1645310514492539.8,797.9722222222222,68146.29166666667,117.0,0.0,1.0,0.7979722222222217
58.475485489171895,366,1645310515514241.0,825.911227154047,68554.23759791123,117.0,0.0,1.0,0.8259112271540467
33.199292387922895,425,1645310516512224.5,775.1330049261084,68947.8842364532,117.0,0.0,1.0,0.7751330049261089
24.048948828060407,396,1645310517512159.2,766.1105651105651,69354.13267813268,117.0,0.0,1.0024570024570025,0.766110565110565
26.6312625687713,389,1645310518502626.0,774.9054054054054,69742.66756756757,117.0,0.0,0.9972972972972973,0.7749054054054064
23.68790220707596,379,1645310519502632.5,757.0130548302872,70119.00522193211,117.0,0.0,1.0,0.7570130548302871
19.31077617280873,363,1645310520504889.0,737.200557103064,70489.70473537604,117.0,0.0,1.0,0.7372005571030639
23.092441988410428,336,1645310521483754.2,755.9050445103858,70837.86053412463,117.0,0.0,1.0,0.7559050445103856
21.637414465308773,333,1645310522511037.8,781.096866096866,71182.03133903134,117.0,0.0,1.0,0.7810968660968655
23.54973292167415,320,1645310523515080.8,758.9030100334448,71507.01672240802,117.0,0.0,1.0,0.758903010033444
16.024734833211237,308,1645310524488597.5,748.5677419354839,71811.07096774194,117.0,0.0,1.0,0.7485677419354844
20.56984060133497,294,1645310525505523.2,750.8712871287129,72117.97029702971,117.0,0.0,1.0,0.750871287128713
20.857990562488528,279,1645310526505083.5,743.0848708487085,72404.80073800738,117.0,0.0,1.0,0.7430848708487081
16.922225820069965,275,1645310527493866.5,722.7230215827338,72679.1834532374,117.0,0.0,1.0,0.7227230215827334
15.022444615817882,275,1645310528495334.2,705.0073800738007,72953.46494464944,117.0,0.0,1.0,0.7050073800738009
18.212250901408765,247,1645310529512050.5,733.5236220472441,73216.3031496063,117.0,0.0,1.0,0.7335236220472443
16.616800101945245,247,1645310530513014.0,816.2,73465.54693877551,117.0,0.0,1.0,0.8161999999999998
12.969017049975015,242,1645310531504022.5,704.1715481171548,73707.51046025104,117.0,0.0,1.0,0.7041715481171552
16.50787835903794,227,1645310532488991.8,756.1754385964912,73941.14912280702,117.0,0.0,1.0,0.7561754385964908
18.853289448220202,235,1645310533504609.2,770.5,74172.34188034188,117.0,0.0,1.0,0.7704999999999996
13.401965447274302,218,1645310534511543.2,743.324200913242,74398.5296803653,117.0,0.0,1.0,0.7433242009132417
13.233016431547219,216,1645310535498623.5,702.3888888888889,74615.86574074074,117.0,0.0,1.0,0.7023888888888883
16.804693403014323,217,1645310536501734.5,770.2777777777778,74832.31944444444,117.0,0.0,1.0,0.7702777777777776
16.32967023388593,211,1645310537514273.8,734.1895734597157,75045.49763033175,117.0,0.0,1.0,0.734189573459716
11.794370886054821,200,1645310538497288.2,769.655,75250.965,117.0,0.0,1.0,0.7696549999999995
14.484453171889513,213,1645310539499987.2,912.8122065727699,75456.28638497653,118.21126760563381,0.009389671361502348,0.9906103286384976,0.9128122065727704
14.50321946820048,190,1645310540504134.2,709.2760416666666,75657.88541666667,119.0,0.0,1.0,0.7092760416666662
14.70993400386218,203,1645310541488248.2,755.4726368159204,75854.49253731343,119.0,0.0,1.0,0.7554726368159197
12.04517079643164,196,1645310542498783.8,771.1969696969697,76053.8686868687,119.0,0.0,1.0,0.7711969696969697
14.468282714505424,193,1645310543494966.5,732.3523316062176,76249.50259067357,119.0,0.0,1.0,0.7323523316062175
15.017067047914392,190,1645310544483302.5,719.7421052631579,76441.25263157894,119.0,0.0,1.0,0.7197421052631576
13.504741525946137,195,1645310545501247.0,709.205,76635.935,119.0,0.0,1.0,0.7092049999999996
14.515170890419283,198,1645310546518445.0,737.9427083333334,76831.9375,119.0,0.0,1.0,0.7379427083333329
12.739596066667753,187,1645310547509943.5,735.2962962962963,77022.43915343915,119.0,0.0,1.0,0.7352962962962959
14.384658440401909,198,1645310548512326.8,734.3877551020408,77215.01020408163,119.0,0.0,1.0,0.7343877551020407
13.433469962451214,190,1645310549514887.0,734.7368421052631,77407.86842105263,119.0,0.0,1.0,0.734736842105263
15.138010184391929,184,1645310550501062.5,746.5978260869565,77595.04891304347,119.0,0.0,1.0,0.7465978260869562
15.615499238361066,190,1645310551504061.2,856.7947368421053,77779.42105263157,121.66315789473684,0.015789473684210527,0.9842105263157894,0.8567947368421053
17.039456357150364,181,1645310552496122.2,784.7582417582418,77964.85164835164,122.0,0.0,1.0,0.7847582417582414
13.509781784329231,191,1645310553496524.0,811.3385416666666,78151.984375,122.0,0.0,1.0,0.8113385416666667
11.658029602446332,189,1645310554494133.0,744.3529411764706,78341.32620320856,122.0,0.0,1.0,0.7443529411764701
12.07401421462327,191,1645310555495336.8,740.7875647668394,78531.40932642487,122.0,0.0,1.0,0.7407875647668387
12.537797662786188,188,1645310556496027.5,799.9247311827957,78721.02688172043,122.0,0.0,1.0,0.7999247311827957
12.595657897354275,189,1645310557492081.8,764.90625,78909.92708333333,122.0,0.0,1.0,0.76490625
14.236951143851416,191,1645310558497430.5,773.8882978723404,79099.99468085106,122.0,0.0,1.0,0.7738882978723397
15.642587081103596,186,1645310559491900.5,698.8181818181819,79287.37967914439,122.0,0.0,1.0,0.6988181818181813
12.07016322320493,191,1645310560496423.0,702.9684210526316,79475.82631578947,122.0,0.0,1.0,0.7029684210526304
14.66839762669938,186,1645310561498103.0,757.9893048128342,79664.53475935828,122.0,0.0,1.0,0.7579893048128337
15.112092431732698,190,1645310562499753.0,791.8624338624338,79852.44973544973,122.0,0.0,1.0,0.7918624338624337
12.130997279608572,185,1645310563494498.2,712.1069518716578,80040.31550802139,122.0,0.0,1.0,0.7121069518716572
12.856235433565942,190,1645310564491360.2,773.7736842105263,80228.93684210526,122.0,0.0,1.0,0.773773684210526
12.172652071053493,197,1645310565505415.2,747.4974358974359,80421.48717948717,122.0,0.0,1.0,0.7474974358974356
18.65510372329215,181,1645310566512512.2,802.1657458563536,80609.75138121546,122.0,0.0,1.0,0.8021657458563536
14.393976319560913,183,1645310567485157.5,840.6338797814208,80791.61202185792,122.0,0.0,1.0,0.8406338797814211
13.871032018262971,192,1645310568490097.2,801.4205128205128,80980.4923076923,122.12307692307692,0.010256410256410256,0.9897435897435898,0.8014205128205121
15.83198427381301,182,1645310569504764.8,745.3387978142076,81167.65027322405,124.0,0.0,1.0,0.7453387978142076
14.744895167834082,191,1645310570494160.2,750.6825396825396,81353.49206349206,124.0,0.0,1.0,0.7506825396825392
16.093658839220776,191,1645310571502902.5,753.2804232804233,81542.54497354498,124.0,0.0,1.0,0.7532804232804231
12.924346120005636,184,1645310572497652.2,729.5891891891891,81729.45405405405,124.0,0.0,1.0,0.7295891891891885
12.282665872893025,192,1645310573493982.2,745.4611398963731,81918.37823834197,124.0,0.0,1.0,0.7454611398963729
13.401706871296728,193,1645310574508596.0,777.4450261780105,82110.36125654451,124.0,0.0,1.0,0.7774450261780099
13.41722172530577,187,1645310575511387.8,719.7058823529412,82299.55080213904,124.0,0.0,1.0,0.7197058823529404
15.231199482864238,187,1645310576502705.8,743.3529411764706,82486.54010695187,124.0,0.0,1.0,0.7433529411764704
15.416266077900316,187,1645310577503526.2,787.8021390374331,82673.4705882353,124.0,0.0,1.0,0.7878021390374331
13.762984575377045,191,1645310578515159.0,737.3367875647668,82863.37305699482,124.0,0.0,1.0,0.7373367875647663
15.211836370872334,180,1645310579499700.5,716.7765363128492,83049.3407821229,124.0,0.0,1.0,0.7167765363128487
13.636907652682183,190,1645310580486645.2,743.6822916666666,83234.8125,124.0,0.0,1.0,0.7436822916666664
12.682112626409923,197,1645310581509380.2,733.0876288659794,83427.80412371134,124.0,0.0,1.0,0.7330876288659793
10.75620163370528,185,1645310582519858.5,712.7,83619.82631578947,124.0,0.0,1.0,0.712699999999999
15.070659406034943,187,1645310583511162.8,707.9510869565217,83806.88043478261,124.0,0.0,1.0,0.7079510869565213
15.046018371848684,190,1645310584496447.2,767.3563829787234,83993.17021276595,124.0,0.0,1.0,0.7673563829787231
15.192623095572344,192,1645310585521547.5,833.4020618556701,84182.9175257732,125.29381443298969,0.010309278350515464,0.9896907216494846,0.8334020618556699
12.962591452892386,177,1645310586524156.8,738.9781420765028,84370.54098360655,126.0,0.0,1.0,0.7389781420765023
16.683933521835083,187,1645310587480928.2,736.8994413407821,84551.48044692738,126.0,0.0,1.0,0.7368994413407823
14.654579398052077,197,1645310588496475.8,753.4572864321608,84740.60301507538,126.0,0.0,1.0050251256281406,0.7534572864321606
13.887482560214005,181,1645310589505072.8,707.8388888888888,84929.98333333334,126.0,0.0,0.9944444444444445,0.7078388888888885
16.97560924742567,190,1645310590493778.8,721.0366492146596,85115.48691099476,126.0,0.0,1.0,0.7210366492146589
12.186937285756963,192,1645310591508320.8,730.078947368421,85305.86315789474,126.0,0.0,1.0,0.7300789473684205
15.287334403350345,185,1645310592505226.8,798.3135135135135,85493.55675675676,126.0,0.0,1.0,0.798313513513513
12.887049038243058,183,1645310593489088.0,749.0162162162162,85678.53513513514,126.0,0.0,1.0,0.7490162162162155
14.214190734911183,191,1645310594478339.8,741.6560846560847,85865.65608465609,126.0,0.0,1.0,0.7416560846560846
15.543433984581645,198,1645310595512065.0,814.9747474747475,86058.44444444444,126.65656565656566,0.010101010101010102,0.98989898989899,0.8149747474747472
12.610574166914871,176,1645310596505571.5,714.1694915254237,86244.37853107345,128.0,0.0,1.0,0.7141694915254232
15.988320114604216,196,1645310597500568.8,754.7551020408164,86430.42346938775,128.6530612244898,0.00510204081632653,0.9948979591836735,0.754755102040816
13.450536405128476,190,1645310598523203.5,723.6719576719577,86622.5925925926,129.0,0.0,1.0,0.7236719576719576
13.859490507014755,181,1645310599513753.5,802.0601092896175,86808.57923497268,129.0,0.0,1.0,0.8020601092896172
11.70962640154296,193,1645310600500845.8,753.3385416666666,86995.84375,129.0,0.0,1.0,0.7533385416666664
11.457977710574113,188,1645310601500982.8,707.0372340425532,87185.81382978724,129.0,0.0,1.0,0.707037234042553
11.234525707550347,13,1645310602035243.8,689.0625,87288.0625,129.0,0.0,1.0,0.6890625000000001
